ITEM,CATEGORIA O SERIES DE LA INFORMACION,Unnamed Column,IDIOMA,MEDIO DE CONSERVACION Y/O SOPORTE,FECHA DE GENERACION DE LA INFORMACION,NOMBRE DEL RESPONSABLE DE LA PRODUCCION DE LA INFORMACION,NOMBRE DEL RESPONSABLE DE LA INFORMACION,INFORMACION PUBLICA CLASIFICADA (Marque con una X),INFORMACION PUBLICA RESERVADA (Marque con una X),OBJETIVO LEGITIMO DE LA EXCEPCION,FUNDAMENTO CONSTITUCIONAL O LEGAL,FUNDAMENTO JURIDICO DE LA EXCEPCION,EXCEPCION TOTAL O PARCIAL,FECHA DE LA CALIFICACION,PLAZO DE LA CLASIFICACION O RESERVA
,SERIES,NOMBRE O TITULO DE LA INFORMACION - SUBSERIES DOCUMENTALES,,,,,,,,,,,,,
1,ACCIONES CONSTITUCIONALES,Acciones de Cumplimiento,Castellano,Físico,A solicitud - De Oficio,Funcionarios - Personeria Municipal de Tocancipa,Auxiliar Administrativo,,X,"Ley 1712 de 2014, Artículo 19.",Ley  393 de 1997: Por la cual se desarrolla el artículo 87 de la Constitución Política Art. 4º. Cualquier persona podrá ejercer Acción de Cumplimiento frente a normas con fuerza material de Ley o Actos Administrativos. También podrán ejercitar la Acción de Cumplimiento de normas con fuerza material de Ley o Actos Administrativos.,En el evento en que la información objeto de reserva sea conocida por terceros ajenos  puede generar daños a los derechos al debido proceso y la igualdad de las partes en el proceso judicial de acción de cumplimiento.,Parcial,Desde la creación del Documento,Lo estipulado en la Tabla de Retención Documental para el tiempo de conservación en el Archivo Central
,,Acciones de Tutela,Castellano,Físico,A solicitud - De Oficio,Funcionarios - Personeria Municipal de Tocancipa,Auxiliar Administrativo,,X,"Ley 1712 de 2014, Artículo 19, literal e): ""El debido proceso y la igualdad de las partes en los procesos judiciales""","Art.  123 Ley 1564 de 2012: ""Los expedientes solo podrán ser examinados: 1. Por las partes, sus apoderados y los dependientes autorizados por estos de manera general y por escrito, sin que sea necesario auto que los reconozca, pero solo en relación con los asuntos en que aquellos intervengan. 2. Por los abogados inscritos que no tengan la calidad de apoderados de las partes. Estos podrán examinar el expediente una vez se haya notificado a la parte demandada. 3. Por los auxiliares de la justicia en los casos donde estén actuando, para lo de su cargo. 4. Por los funcionarios públicos en razón de su cargo. 5. Por las personas autorizadas por el juez con fines de docencia o de investigación científica.
6. Por los directores y miembros de consultorio jurídico debidamente acreditados, en los casos donde actúen. Hallándose pendiente alguna notificación que deba hacerse personalmente a una parte o a su apoderado, estos solo podrán examinar el expediente después de surtida la notificación."".",En el evento en que la información objeto de reserva sea conocida por terceros ajenos  puede generar daños a los derechos al debido proceso y la igualdad de las partes en la acción de tutela,Total: hasta que no exista sentencia debidamente ejecutoriada en el respectivo proceso de acción de tutela.,Desde la creación del Documento,Lo estipulado en la Tabla de Retención Documental para el tiempo de conservación en el Archivo Central
,,Acciones Populares,Castellano,Físico,A solicitud - De Oficio,Funcionarios - Personeria Municipal de Tocancipa,Auxiliar Administrativo,,X,"Ley 1712 de 2014, Artículo 19.","Ley 472 de 1998: Por la cual se desarrolla el artículo 88 de la Constitución Política de Colombia en relación con el ejercicio de las acciones populares y de grupo y se dictan otras disposiciones. Art. 5,6,7.  Las acciones populares preventivas se tramitarán con preferencia a las demás que conozca el juez competente, excepto el recurso de Habeas Corpus, la Acción de Tutela y la Acción de cumplimiento.",En el evento en que la información objeto de reserva sea conocida por terceros ajenos  puede generar daños a los derechos al debido proceso y la igualdad de las partes en la acción de cumplimiento,Parcial,Desde la creación del Documento,Lo estipulado en la Tabla de Retención Documental para el tiempo de conservación en el Archivo Central
2,ACTAS,Actas Comité Archivo,Castellano,Físico,A solicitud,Funcionarios - Personeria Municipal de Tocancipa,Auxiliar Administrativo,,X,"Ley 1712 de 2014, Artículo 19.","Artículo 14 del Decreto 2578 de 2012: Las entidades territoriales en los departamentos, distritos y municipios establecerán mediante acto administrativo, un Comité Interno de Archivo cuya función es asesorar a la alta dirección de la entidad en materia archivística y de gestión documental, definir las políticas, los programas de trabajo y los planes relativos a la función archivística institucional, de conformidad con la Ley 594 de 2000 y demás normas reglamentarias.",,Parcial,Desde la creación del Documento,Lo estipulado en la Tabla de Retención Documental para el tiempo de conservación en el Archivo Central
,,Actas de Comité de Control Interno,Castellano,Físico,A solicitud,Funcionarios - Personeria Municipal de Tocancipa,Auxiliar Administrativo,,X,"Ley 1712 de 2014, Artículo 19.","Artículo 5 del Decreto 1826 de 1994, establece como función del Comité de Coordinación de Control Interno: “Recomendar pautas para la determinación, implantación, adaptación, complementación y mejoramiento permanente del Sistema de Control Interno, de conformidad con las normas vigentes y las características de la compañía.",,Parcial,Desde la creación del Documento,Lo estipulado en la Tabla de Retención Documental para el tiempo de conservación en el Archivo Central
3,ACTOS ADMINISTRATIVOS,Resoluciones,Castellano,Físico,A solicitud,Funcionarios - Personeria Municipal de Tocancipa,Auxiliar Administrativo,X,X,Puede afectar todos los estipulados en los articulos 18 y 19 de la Ley 1712 de 2014,"Ley 1755 de 2015, Articulo 24: Informaciones y documentos reservados. Solo tendrán carácter reservado las informaciones y documentos expresamente sometidos a reserva por la Constitución Política o la ley, y en especial: 1. Los relacionados con la defensa o seguridad nacionales. 2. Las instrucciones en materia diplomática o sobre negociaciones reservadas. 3. Los que involucren derechos a la privacidad e intimidad de las personas, incluidas en las hojas de vida, la historia laboral y los expedientes pensionales y demás registros de personal que obren en los archivos de las instituciones públicas o privadas, así como la historia clínica. 4. Los relativos a las condiciones financieras de las operaciones de crédito público y tesorería que realice la nación, así como a los estudios técnicos de valoración de los activos de la nación. Estos documentos e informaciones estarán sometidos a reserva por un término de seis (6) meses contados a partir de la realización de la respectiva operación. 5. Los datos referentes a la información financiera y comercial, en los términos de la Ley Estatutaria 1266 de 2008. 6. Los protegidos por el secreto comercial o industrial, así como los planes estratégicos de las empresas públicas de servicios públicos. 7. Los amparados por el secreto profesional. 8. Los datos genéticos humanos.","Contiene datos personales privados, semiprivados,  sensibles, y que al revelarse vulnerarían el derecho a la intimidad del titular de los datos, así como se podría poner en riesgo su seguridad.",Parcial,Desde la creación del Documento,Lo estipulado en la Tabla de Retención Documental para el tiempo de conservación en el Archivo Central
4,CONSECUTIVO DE COMUNICACIONES OFICIALES,Comunicaciones Oficiales Enviadas,Castellano,Físico,Diaria,Funcionarios - Personeria Municipal de Tocancipa,Auxiliar Administrativo,X,X,Puede afectar todos los estipulados en los articulos 18 y 19 de la Ley 1712 de 2014,"Ley 1712 de 2014. Art 7°.Disponibilidad de la Información. En virtud de los principios señalados, deberá estar a disposición del público la información a la que hace referencia la presente ley, a través de medios físicos, remotos o locales de comunicación electrónica. Los sujetos obligados deberán tener a disposición de las personas interesadas dicha información en la Web, a fin de que estas puedan obtener la información, de manera directa o mediante impresiones. Asimismo, estos deberán proporcionar apoyo a los usuarios que lo requieran y proveer todo tipo de asistencia respecto de los trámites y servicios que presten.",,Parcial,Desde la creación del Documento,Lo estipulado en la Tabla de Retención Documental para el tiempo de conservación en el Archivo Central
,,Comunicaciones Oficiales Recibidas,Castellano,Físico,Diaria,Funcionarios - Personeria Municipal de Tocancipa,Auxiliar Administrativo,X,X,Puede afectar todos los estipulados en los articulos 18 y 19 de la Ley 1712 de 2014,"Ley 1712 de 2014. Art 7°.Disponibilidad de la Información. En virtud de los principios señalados, deberá estar a disposición del público la información a la que hace referencia la presente ley, a través de medios físicos, remotos o locales de comunicación electrónica. Los sujetos obligados deberán tener a disposición de las personas interesadas dicha información en la Web, a fin de que estas puedan obtener la información, de manera directa o mediante impresiones. Asimismo, estos deberán proporcionar apoyo a los usuarios que lo requieran y proveer todo tipo de asistencia respecto de los trámites y servicios que presten.",,Parcial,Desde la creación del Documento,Lo estipulado en la Tabla de Retención Documental para el tiempo de conservación en el Archivo Central
5,CONTRATOS Y CONVENIOS,Contrato de Compra,Castellano,Físico - Digital,A solicitud,Funcionarios - Personeria Municipal de Tocancipa,Auxiliar Administrativo,X,,"Ley 1712 de 2014, Artículo 18, literal a); El derecho de toda persona a la intimidad, bajo las limitaciones propias que impone la condición de servidor público, en concordancia con lo estipulado por el artículo 24 de la Ley 1437 de 2011.","Art. 24, numeral 3 Ley 1775 de 2015: ""Informaciones y documentos reservados. Solo tendrán carácter reservado las informaciones y documentos expresamente sometidos a reserva por la Constitución Política o la ley, y en especial: (...) 3. Los que involucren derechos a la privacidad e intimidad de las personas (...)"";

Art. 3, literal h) Ley 1266 de 2008: ""Dato privado. Es el dato que por su naturaleza íntima o reservada sólo es relevante para el titular.""; 

Art. 5 Ley 1581 de 2012: ""Datos sensibles. Para los propósitos de la presente ley, se entiende por datos sensibles aquellos que afectan la intimidad del Titular o cuyo uso indebido puede generar su discriminación, tales como aquellos que revelen el origen racial o étnico, la orientación política, las convicciones religiosas o filosóficas, la pertenencia a sindicatos, organizaciones sociales, de derechos humanos o que promueva intereses de cualquier partido político o que garanticen los derechos y garantías de partidos políticos de oposición así como los datos relativos a la salud, a la vida sexual y los datos biométricos"".","Contiene datos personales privados, semiprivados,  sensibles, y que al revelarse vulnerarían el derecho a la intimidad del titular de los datos, así como se podría poner en riesgo su seguridad.",Parcial: la parte objeto de clasificación será la información relacionada con datos personales privados o semiprivados que contenga el activo de información .,Desde la creación del Documento,Lo estipulado en la Tabla de Retención Documental para el tiempo de conservación en el Archivo Central
,,Contratos de Prestación de Servicios,Castellano,Físico - Digital,A solicitud,Funcionarios - Personeria Municipal de Tocancipa,Auxiliar Administrativo,X,,"Ley 1712 de 2014, Artículo 18, literal a); El derecho de toda persona a la intimidad, bajo las limitaciones propias que impone la condición de servidor público, en concordancia con lo estipulado por el artículo 24 de la Ley 1437 de 2011.","Art. 24, numeral 3 Ley 1775 de 2015: ""Informaciones y documentos reservados. Solo tendrán carácter reservado las informaciones y documentos expresamente sometidos a reserva por la Constitución Política o la ley, y en especial: (...) 3. Los que involucren derechos a la privacidad e intimidad de las personas (...)"";

Art. 3, literal h) Ley 1266 de 2008: ""Dato privado. Es el dato que por su naturaleza íntima o reservada sólo es relevante para el titular.""; 

Art. 5 Ley 1581 de 2012: ""Datos sensibles. Para los propósitos de la presente ley, se entiende por datos sensibles aquellos que afectan la intimidad del Titular o cuyo uso indebido puede generar su discriminación, tales como aquellos que revelen el origen racial o étnico, la orientación política, las convicciones religiosas o filosóficas, la pertenencia a sindicatos, organizaciones sociales, de derechos humanos o que promueva intereses de cualquier partido político o que garanticen los derechos y garantías de partidos políticos de oposición así como los datos relativos a la salud, a la vida sexual y los datos biométricos"".","Contiene datos personales privados, semiprivados,  sensibles, y que al revelarse vulnerarían el derecho a la intimidad del titular de los datos, así como se podría poner en riesgo su seguridad.",Parcial: la parte objeto de clasificación será la información relacionada con datos personales privados o semiprivados que contenga el activo de información .,Desde la creación del Documento,Lo estipulado en la Tabla de Retención Documental para el tiempo de conservación en el Archivo Central
,,Contrato de Suministro,Castellano,Físico - Digital,A solicitud,Funcionarios - Personeria Municipal de Tocancipa,Auxiliar Administrativo,X,,"Ley 1712 de 2014, Artículo 18, literal a); El derecho de toda persona a la intimidad, bajo las limitaciones propias que impone la condición de servidor público, en concordancia con lo estipulado por el artículo 24 de la Ley 1437 de 2011.","Art. 24, numeral 3 Ley 1775 de 2015: ""Informaciones y documentos reservados. Solo tendrán carácter reservado las informaciones y documentos expresamente sometidos a reserva por la Constitución Política o la ley, y en especial: (...) 3. Los que involucren derechos a la privacidad e intimidad de las personas (...)"";

Art. 3, literal h) Ley 1266 de 2008: ""Dato privado. Es el dato que por su naturaleza íntima o reservada sólo es relevante para el titular.""; 

Art. 5 Ley 1581 de 2012: ""Datos sensibles. Para los propósitos de la presente ley, se entiende por datos sensibles aquellos que afectan la intimidad del Titular o cuyo uso indebido puede generar su discriminación, tales como aquellos que revelen el origen racial o étnico, la orientación política, las convicciones religiosas o filosóficas, la pertenencia a sindicatos, organizaciones sociales, de derechos humanos o que promueva intereses de cualquier partido político o que garanticen los derechos y garantías de partidos políticos de oposición así como los datos relativos a la salud, a la vida sexual y los datos biométricos"".","Contiene datos personales privados, semiprivados,  sensibles, y que al revelarse vulnerarían el derecho a la intimidad del titular de los datos, así como se podría poner en riesgo su seguridad.",Parcial: la parte objeto de clasificación será la información relacionada con datos personales privados o semiprivados que contenga el activo de información .,Desde la creación del Documento,Lo estipulado en la Tabla de Retención Documental para el tiempo de conservación en el Archivo Central
,,Convenios Interinstitucionales,Castellano,Físico - Digital,A solicitud,Funcionarios - Personeria Municipal de Tocancipa,Auxiliar Administrativo,X,,"Ley 1712 de 2014, Artículo 18, literal a); El derecho de toda persona a la intimidad, bajo las limitaciones propias que impone la condición de servidor público, en concordancia con lo estipulado por el artículo 24 de la Ley 1437 de 2011.","Art. 24, numeral 3 Ley 1775 de 2015: ""Informaciones y documentos reservados. Solo tendrán carácter reservado las informaciones y documentos expresamente sometidos a reserva por la Constitución Política o la ley, y en especial: (...) 3. Los que involucren derechos a la privacidad e intimidad de las personas (...)"";

Art. 3, literal h) Ley 1266 de 2008: ""Dato privado. Es el dato que por su naturaleza íntima o reservada sólo es relevante para el titular.""; 

Art. 5 Ley 1581 de 2012: ""Datos sensibles. Para los propósitos de la presente ley, se entiende por datos sensibles aquellos que afectan la intimidad del Titular o cuyo uso indebido puede generar su discriminación, tales como aquellos que revelen el origen racial o étnico, la orientación política, las convicciones religiosas o filosóficas, la pertenencia a sindicatos, organizaciones sociales, de derechos humanos o que promueva intereses de cualquier partido político o que garanticen los derechos y garantías de partidos políticos de oposición así como los datos relativos a la salud, a la vida sexual y los datos biométricos"".","Contiene datos personales privados, semiprivados,  sensibles, y que al revelarse vulnerarían el derecho a la intimidad del titular de los datos, así como se podría poner en riesgo su seguridad.",Parcial: la parte objeto de clasificación será la información relacionada con datos personales privados o semiprivados que contenga el activo de información .,Desde la creación del Documento,Lo estipulado en la Tabla de Retención Documental para el tiempo de conservación en el Archivo Central
6,DERECHOS DE PETICION,Derechos de Petición,Castellano,Físico,Diaria,Funcionarios - Personeria Municipal de Tocancipa,Auxiliar Administrativo,X,X,Puede afectar todos los estipulados en los articulos 18 y 19 de la Ley 1712 de 2014,"Ley 1755 de 2015 Objeto y modalidades del derecho de petición ante autoridades. Toda persona tiene derecho a presentar peticiones respetuosas a las autoridades, en los términos señalados en este código, por motivos de interés general o particular, y a obtener pronta resolución completa y de fondo sobre la misma","Contiene datos personales privados, semiprivados,  sensibles, y que al revelarse vulnerarían el derecho a la intimidad del titular de los datos, así como se podría poner en riesgo su seguridad.",Parcial,Desde la creación del Documento,Lo estipulado en la Tabla de Retención Documental para el tiempo de conservación en el Archivo Central
7,DESPACHOS COMISORIOS,Despachos Comisorios,Castellano,Físico,A solicitud,Funcionarios - Personeria Municipal de Tocancipa,Auxiliar Administrativo,,X,"Ley 1712 de 2014, Artículo 19.","Ley 489 de 19981, Art. 9. DELEGACION. Las autoridades administrativas, en virtud de lo dispuesto en la Constitución Política y de conformidad con la presente ley, podrán mediante acto de delegación, transferir el ejercicio de funciones a sus colaboradores o a otras autoridades, con funciones afines o complementarias.Art. 3, literal h) Ley 1266 de 2008: ""Dato privado. Es el dato que por su naturaleza íntima o reservada sólo es relevante para el titular.""",,Total,Desde la creación del Documento,Lo estipulado en la Tabla de Retención Documental para el tiempo de conservación en el Archivo Central
8,HISTORIAS LABORALES,Historias Laborales,Castellano,Físico,A solicitud,Personero - Funcionarios,Auxiliar Administrativo,X,,"Ley 1712 de 2014, Artículo 18.","Artículo 24 Inciso 3 de la 1755 de 2015: 3. Los que involucren derechos a la privacidad e intimidad de las personas, incluidas en las hojas de vida, la historia laboral y los expedientes pensionales y demás registros de personal que obren en los archivos de las instituciones públicas o privadas, así como la historia clínica. Art. 3, literal h) Ley 1266 de 2008: ""Dato privado. Es el dato que por su naturaleza íntima o reservada sólo es relevante para el titular."";","Contiene datos personales privados, semiprivados,  sensibles, y que al revelarse vulnerarían el derecho a la intimidad del titular de los datos, así como se podría poner en riesgo su seguridad.",Parcial,Desde la creación del Documento,Lo estipulado en la Tabla de Retención Documental para el tiempo de conservación en el Archivo Central
9,INFORMES,Informes A Entes De Control,Castellano,Físico,A solicitud,Funcionarios - Personeria Municipal de Tocancipa,Auxiliar Administrativo,X,X,"Ley 1712 de 2014: Transparencia y Derecho de Acceso a la Información Pública
Artículos 1 al 17. Disposiciones generales y publicidad y contenido de la información","Decreto 2641 de 2012
Por el cual se reglamentan los artículos 73 y 76 de la Ley 1474 de 2011 Decreto 028 de 2008, Art. 17. Presentación de metas de administración municipal y departamental, Art. 18. Rendición de cuentas de entidades territoriales
Art. 19. Informe de resultados, Art. 20. Consulta pública de resultados",,Parcial,Desde la creación del Documento,Lo estipulado en la Tabla de Retención Documental para el tiempo de conservación en el Archivo Central
,,Informes de Gestión,Castellano,Físico - Digital,Anual,Personero - Funcionarios,Auxiliar Administrativo,X,,"Ley 1712 de 2014: Transparencia y Derecho de Acceso a la Información Pública
Artículos 1 al 17. Disposiciones generales y publicidad y contenido de la información","Constitución politica 1991Art 2, Art 209. Decreto 2641 de 2012. Por el cual se reglamentan los artículos 73 y 76 de la Ley 1474 de 2011Decreto 028 de 2008, Art. 17. Presentación de metas de administración municipal y departamental, Art. 18. Rendición de cuentas de entidades territoriales
Art. 19. Informe de resultados, Art. 20. Consulta pública de resultados",,Parcial,Desde la creación del Documento,Lo estipulado en la Tabla de Retención Documental para el tiempo de conservación en el Archivo Central
,,Informes de Rendición de Cuentas,Castellano,Físico - Digital,Anual,Personero - Funcionarios,Auxiliar Administrativo,X,,"Ley 1712 de 2014: Transparencia y Derecho de Acceso a la Información Pública
Artículos 1 al 17. Disposiciones generales y publicidad y contenido de la información","Decreto 028 de 2008, Art. 17. Presentación de metas de administración municipal y departamental, Art. 18. Rendición de cuentas de entidades territoriales
Art. 19. Informe de resultados, Art. 20. Consulta pública de resultados","Contiene datos personales privados, semiprivados,  sensibles, y que al revelarse vulnerarían el derecho a la intimidad del titular de los datos, así como se podría poner en riesgo su seguridad.",Parcial,Desde la creación del Documento,Lo estipulado en la Tabla de Retención Documental para el tiempo de conservación en el Archivo Central
10,INSTRUMENTOS ARCHIVISTICOS,"Banco Terminológico de Tipos, Series y Subseries Documentales",Castellano,Físico,A solicitud,Funcionarios - Personeria Municipal de Tocancipa,Auxiliar Administrativo,X,,"Ley 1712 de 2014, Artículo 18.","Ley 594 de 2000 y el Decreto 103 de 2015, Circular externa No. 003. literal b) Para facilitar este proceso, el Archivo General de la Nación conformará y administrará el Banco terminológico de series y subseries documentales, en el cual se consignará la denominación genérica de las series, de acuerdo con las denominaciones existentes, según los diferentes sectores, para lo cual se podrán tomar los nombres asignados en las tablas de retención documental de los organismos cabeza de sector.","Contiene datos personales privados, semiprivados,  sensibles, y que al revelarse vulnerarían el derecho a la intimidad del titular de los datos, así como se podría poner en riesgo su seguridad.",Parcial,Desde la creación del Documento,Lo estipulado en la Tabla de Retención Documental para el tiempo de conservación en el Archivo Central
,,Cuadros de Clasificación Documental,Castellano,Físico - Digital,A solicitud,Funcionarios - Personeria Municipal de Tocancipa,Auxiliar Administrativo,X,,"Ley 1712 de 2014, Artículo 18.","Acuerdo 5 de 2013: Por el cual se establecen los criterios básicos paro la clasificación, ordenación y descripción de los archivos en las entidades públicas y privadas que cumplen funciones públicas y se dictan otras disposiciones.",,Parcial,Desde la creación del Documento,Lo estipulado en la Tabla de Retención Documental para el tiempo de conservación en el Archivo Central
,,Inventarios Documentales,Castellano,Físico,Una vez,Funcionarios - Personeria Municipal de Tocancipa,Auxiliar Administrativo,,X,"Ley 1712 de 2014, Artículo 19.","Acuerdo 42 de 2002: Por el cual se establecen los criterios para la organización de los archivos de gestión en las entidades públicas y las privadas que cumplen funciones públicas, se regula el Inventario Unico Documental y se desarrollan los artículos 21, 22, 23 y 26 de la Ley General de Archivos 594 de 2000.",,Total,Desde que se realiza la Transferencia Documental,Lo estipulado en la Tabla de Retención Documental para el tiempo de conservación en el Archivo Central
,,"Mapas de Procesos, flujos documenales y descripción de la unidad administrativa de la Entidad",Castellano,Físico - Digital,A solicitud,Funcionarios - Personeria Municipal de Tocancipa,Auxiliar Administrativo,X,,"Ley 1712 de 2014, Artículo 18.","Decreto 2609 de 2012: Por el cual se reglamenta el Título V de la Ley 594 de 2000, parcialmente los artículos 58 y 59 de la Ley 1437 de 2011 y se dictan otras disposiciones en materia de Gestión Documental para todas las Entidades del Estado. Art 8. literal d):  Los mapas de procesos, flujos documentales y la descripción de las funciones de las unidades administrativas de la entidad.",,Parcial,Desde la creación del Documento,Lo estipulado en la Tabla de Retención Documental para el tiempo de conservación en el Archivo Central
,,Plan Institucional de Archivos Pinar,Castellano,Físico - Digital,A solicitud,Funcionarios - Personeria Municipal de Tocancipa,Auxiliar Administrativo,X,,"Ley 1712 de 2014, Artículo 18.","Decreto Nacional 1080 de 2015, artículo 2.8.2.5.8, acata las directrices que para el efecto impulsan los entes rectores del proceso de gestión documental: Archivo General de la Nación.",,Parcial,Desde la creación del Documento,Lo estipulado en la Tabla de Retención Documental para el tiempo de conservación en el Archivo Central
,,Programa de Gestión Documental,Castellano,Físico - Digital,A solicitud,Funcionarios - Personeria Municipal de Tocancipa,Auxiliar Administrativo,X,,"Ley 1712 de 2014, Artículo 18.","Ley 594 de 2000, parcialmente los artículos 58 y 59 de la Ley 1437 de 2011 y se dictan otras disposiciones en materia de Gestión Documental para todas las Entidades del Estado.",Las entidades en sus programas de gestión documental deberán tener en cuenta la protección de la información y los datos personales de conformidad con la Ley 1273 de 2009 y la Ley 1581 de 2012.,Parcial,Desde la creación del Documento,Lo estipulado en la Tabla de Retención Documental para el tiempo de conservación en el Archivo Central
,,Tablas de Retención Documental,Castellano,Físico - Digital,A solicitud,Funcionarios - Personeria Municipal de Tocancipa,Auxiliar Administrativo,X,,"Ley 1712 de 2014, Artículo 18.","Parágrafo del artículo 2.8.2.1.9. del Decreto 1080 del 2015 estableció que el Archivo General de la Nación Jorge Palacios Preciado, podrá evaluar las Tablas de Retención Documental y de Valoración Documental de las Gobernaciones y Distritos, de sus entidades centralizadas, descentralizadas, autónomas y de las entidades privadas que cumplen funciones públicas de los municipios, distritos y departamentos, una vez aprobadas por el Comité Interno de Archivo de la respectiva entidad.",Para efectos de evaluación y convalidación de las Tablas de Retención Documental – TRD se considerará exclusivamente la información contemplada en el formato.,Parcial,Desde la creación del Documento,Lo estipulado en la Tabla de Retención Documental para el tiempo de conservación en el Archivo Central
11,"PETICIONES, QUEJAS, RECLAMOS, SOLICITUDES Y DEMANDAS PQRSD","Peticiones, Quejas, Reclamos, Solicitudes y Demandas - PQRSD",Castellano,Físico,Diaria,Funcionarios - Personeria Municipal de Tocancipa,Auxiliar Administrativo,X,X,Puede afectar todos los estipulados en los articulos 18 y 19 de la Ley 1712 de 2014,"Ley 1755 de 2015 Objeto y modalidades del derecho de petición ante autoridades. Toda persona tiene derecho a presentar peticiones respetuosas a las autoridades, en los términos señalados en este código, por motivos de interés general o particular, y a obtener pronta resolución completa y de fondo sobre la misma","Contiene datos personales privados, semiprivados,  sensibles, y que al revelarse vulnerarían el derecho a la intimidad del titular de los datos, así como se podría poner en riesgo su seguridad.",Parcial,Desde la creación del Documento,Lo estipulado en la Tabla de Retención Documental para el tiempo de conservación en el Archivo Central
12,PROCESOS,Procesos de Conciliación,Castellano,Físico,A solicitud,Personero - Profesional Especializado,Auxiliar Administrativo,,X,"Ley 1712 de 2014, Artículo 19, literal e): ""El debido proceso y la igualdad de las partes en los procesos judiciales""
Art. 19 parágrafo: ""Se exceptúan también los documentos que contengan las opiniones o puntos de vista que formen parte del proceso deliberativo de los servidores públicos.""","Art. 6, literal k) Ley 1581 de 2012: ""No será considerada información pública aquella información preliminar  no definitiva, propia del proceso deliberatorio de un sujeto obligado en su calidad de tal"".

Art. 19 literal Ley e) 1712 de 2014 : ""El debido proceso y la igualdad de las partes en los procesos judiciales""
Art. 19 parágrafo: ""Se exceptúan también los documentos que contengan las opiniones o puntos de vista que formen parte del proceso deliberativo de los servidores públicos.""

Art.  123 Ley 1564 de 2012: ""Los expedientes solo podrán ser examinados: 1. Por las partes, sus apoderados y los dependientes autorizados por estos de manera general y por escrito, sin que sea necesario auto que los reconozca, pero solo en relación con los asuntos en que aquellos intervengan. 2. Por los abogados inscritos que no tengan la calidad de apoderados de las partes. Estos podrán examinar el expediente una vez se haya notificado a la parte demandada. 3. Por los auxiliares de la justicia en los casos donde estén actuando, para lo de su cargo. 4. Por los funcionarios públicos en razón de su cargo. 5. Por las personas autorizadas por el juez con fines de docencia o de investigación científica.
6. Por los directores y miembros de consultorio jurídico debidamente acreditados, en los casos donde actúen. Hallándose pendiente alguna notificación que deba hacerse personalmente a una parte o a su apoderado, estos solo podrán examinar el expediente después de surtida la notificación."".","En el evento en que la información objeto de reserva sea conocida por terceros ajenos al Departamento  puede generar daños a los derechos al debido proceso y la igualdad de las partes, en este caso en la conciliación",Parcial,Desde la creación del Documento,Lo estipulado en la Tabla de Retención Documental para el tiempo de conservación en el Archivo Central
,,Procesos Disciplinarios,Castellano,Físico,A solicitud - De Oficio,Personero - Profesional Especializado,Auxiliar Administrativo,,X,"Ley 1712 de 2014, Artículo 19, literal d): La prevención, investigación y persecución de los delitos y las faltas disciplinarias, mientras que no se haga efectiva la medida de aseguramiento o se formule pliego de cargos (…)""","Art. 95 Ley 734 de 2002 ""Reserva de la actuación disciplinaria. En el procedimiento ordinario las actuaciones disciplinarias serán reservadas hasta cuando se formule el pliego de cargos o la providencia que ordene el archivo definitivo, sin perjuicio de los derechos de los sujetos procesales. En el procedimiento especial ante el Procurador General de la Nación y en el procedimiento verbal, hasta la decisión de citar a audiencia.

El investigado estará obligado a guardar la reserva de las pruebas que por disposición de la Constitución o la ley tengan dicha condición"".","Art. 95 Ley 734 de 2002 ""Reserva de la actuación disciplinaria. En el procedimiento ordinario las actuaciones disciplinarias serán reservadas hasta cuando se formule el pliego de cargos o la providencia que ordene el archivo definitivo, sin perjuicio de los derechos de los sujetos procesales. En el procedimiento especial ante el Procurador General de la Nación y en el procedimiento verbal, hasta la decisión de citar a audiencia.

El investigado estará obligado a guardar la reserva de las pruebas que por disposición de la Constitución o la ley tengan dicha condición"".",Parcial,Desde la creación del Documento,Lo estipulado en la Tabla de Retención Documental para el tiempo de conservación en el Archivo Central
13,PROGRAMAS,Programa de Bienestar Social,Castellano,Físico,A solicitud,Personero - Profesional Universitario,Auxiliar Administrativo,X,,"Ley 1712 de 2014, Artículo 18, literal a); El derecho de toda persona a la intimidad, bajo las limitaciones propias que impone la condición de servidor público, en concordancia con lo estipulado por el artículo 24 de la Ley 1437 de 2011.","La Ley 734 de 2002 en los numerales 4 y 5 del Artículo 33 dispone que es un derecho de los servidores públicos y sus familias participar en todos los programas de bienestar social que establezca el Estado, tales como los de vivienda, educación, recreación, cultura, deporte y vacacionales, así como disfrutar de estímulos e incentivos conforme a las disposiciones legales.","Contiene datos personales privados, semiprivados,  sensibles, y que al revelarse vulnerarían el derecho a la intimidad del titular de los datos, así como se podría poner en riesgo su seguridad.",Parcial,Desde la creación del Documento,Lo estipulado en la Tabla de Retención Documental para el tiempo de conservación en el Archivo Central
,,Programa Unidad para la atención y atención de victimas UARIV,Castellano,Físico,A solicitud,Personero - Profesional Universitario,Auxiliar Administrativo,X,X,"Ley 1712 de 2014, Artículo 18 y 19.","Ley 1448 de 2011,  encargado de formular o ejecutar los planes, programas, proyectos y acciones específicas, tendientes a la atención y reparación integral de las víctimas. Por medio de acciones de articulación interinstitucional de la política pública de atención y reparación integral a las víctimas. Art. 35. La víctima y/o su representante deberán ser informados de todos los aspectos jurídicos, asistenciales, terapéuticos u otros relevantes relacionados con su caso, desde el inicio de la actuación.","Art 36 de la Ley 1448 de 2011:.Garantia de comunicación a las victimas. A fin de hacer efectivos sus derechos dentro de la actuación penal o en el marco de los procesos de justicia y paz, las víctimas deberán ser informadas del inicio, desarrollo y terminación del proceso, de las instancias en que pueden participar, de los recursos judiciales a su disposición y de la posibilidad de presentar pruebas, entre otras garantías previstas en las disposiciones legales vigentes.",Parcial,Desde la creación del Documento,Lo estipulado en la Tabla de Retención Documental para el tiempo de conservación en el Archivo Central
14,SISTEMA DE CONTROL DE GESTION Y MEJORAMIENTO,Sistema de Control de Gestión y Mejoramiento,Castellano,Físico,A solicitud,Personero - Profesional Universitario,Auxiliar Administrativo,X,,"Ley 1712 de 2014, Artículo 18","Ley 872 de diciembre 30 de 2003. Crea el Sistema de Gestión de Calidad en los entes estatales como herramienta de gestión sistemática y transparente que permite dirigir y evaluar El desempeño institucional, en términos de calidad y satisfacción social.","Art  5º. De la Ley 872 de 2003, Funcionalidad.d) Facilitar control político y ciudadano a la calidad de la gestión de las entidades, garantizando el fácil acceso a la información relativa a los resultados del sistema",Parcial,Desde la creación del Documento,Lo estipulado en la Tabla de Retención Documental para el tiempo de conservación en el Archivo Central
15,VEEDURIAS CIUDADANAS,Veedurias Ciudadanas,Castellano,Físico,A solicitud,Personero,Auxiliar Administrativo,X,,"Literal B, artículo 18, Ley 1712 de 2014, artículo 5 Ley 1581 de 2012","Constitución Política de Colombia artículo 15; Literal B, artículo 18; Ley 1712 de 2014, artículo 5 Ley 1581 de 2012",Información clasificada para proteger el derecho a la intimidad de las personas que asisten a las actividades de promoción  y desarrollo del control ciudadano,Parcial,Desde la creación del Documento,Lo estipulado en la Tabla de Retención Documental para el tiempo de conservación en el Archivo Central
